usubjid,midnight_mean,midnight_std,n_days,n_readings
1,148.82758620689654,48.03946960983322,29,29
1000,142.32142857142858,44.44143342975118,28,28
1004,148.13793103448276,42.813319137465896,29,29
1010,130.07142857142858,68.86052923680217,28,28
1012,131.40740740740742,32.816810020826516,27,27
1013,159.67857142857142,55.402268686953384,28,28
1014,131.58620689655172,42.485726377370646,29,29
1015,152.0,26.716459922101027,27,27
1016,142.6551724137931,48.62779618259864,29,29
1020,152.3448275862069,28.64596189700961,29,29
1021,128.3793103448276,21.279456547007033,29,29
1022,172.07142857142858,91.21522313307648,28,28
1024,190.44444444444446,74.05576554365237,27,27
103,136.27272727272728,33.86834709673525,22,22
1033,153.55555555555554,45.826876001998684,27,27
1039,204.0344827586207,79.00247860425497,29,29
104,127.21428571428571,25.70539234805016,28,28
1043,155.0,35.38663993252659,29,29
1046,113.10344827586206,41.68790919917926,29,29
1050,170.03571428571428,54.12706733224532,28,28
1051,162.16,66.43209565664274,25,25
1067,118.55172413793103,25.217038184099362,29,29
107,134.86206896551724,52.83581316407801,29,29
1072,137.3448275862069,52.03383230585171,29,29
1076,163.72727272727272,33.95906626834992,11,11
1077,144.17241379310346,42.24086457914999,29,29
1082,116.13793103448276,20.526505752895332,29,29
1090,161.9655172413793,66.56279675111352,29,29
11,98.0,25.755720585088334,29,29
110,158.0,33.298186598810915,14,14
1100,136.51724137931035,39.12308479078302,29,29
1103,136.46428571428572,34.95126993173882,28,28
1107,141.875,42.862076579368534,24,24
1110,135.55172413793105,28.778198850241477,29,29
1112,121.13333333333334,54.18469297117916,15,15
1115,255.17241379310346,90.66896971381951,29,29
1119,133.78571428571428,56.65578793802366,28,28
1120,136.10714285714286,35.09388390917551,28,28
1121,112.6896551724138,48.633544749245324,29,29
1123,180.68965517241378,52.3409860217974,29,29
1127,142.9655172413793,48.56327445318904,29,29
1138,160.39285714285714,56.428479338214316,28,28
1139,181.0,27.790029044348163,15,15
114,159.82142857142858,53.501162030598344,28,28
1141,136.0909090909091,35.56069136789624,22,22
1142,144.86206896551724,42.14831308091111,29,29
1143,168.22222222222223,52.27540481639477,27,27
1146,161.3448275862069,43.0018902093426,29,29
1149,213.66666666666666,113.16539133985023,24,24
115,150.24137931034483,50.32441552596073,29,29
1152,177.0,65.35179525351344,22,22
1155,302.25925925925924,96.2091442130083,27,27
1156,156.7391304347826,49.52613395636723,23,23
1157,186.9655172413793,43.25380475305917,29,29
1158,187.89655172413794,59.5670959192754,29,29
1161,108.65217391304348,37.64500292282215,23,23
1163,160.03571428571428,45.11095961347616,28,28
1170,197.23076923076923,65.87339838952151,26,26
1171,155.82758620689654,54.776864880242776,29,29
1185,155.74074074074073,51.63748831450073,27,27
1193,142.48275862068965,51.72773550707256,29,29
1194,117.72413793103448,50.418177385120124,29,29
1195,157.24137931034483,61.31980289108067,29,29
1199,132.55172413793105,19.6751950560245,29,29
1201,126.03448275862068,37.22948405173809,29,29
1202,130.10714285714286,50.85516054932237,28,28
1205,163.3793103448276,38.54071482870277,29,29
1206,281.2857142857143,69.54649010348608,21,21
1210,113.82142857142857,24.222813812493147,28,28
1211,164.44827586206895,57.080510939059046,29,29
1219,135.27586206896552,42.89846530032459,29,29
1221,163.77777777777777,50.43757248271093,27,27
1224,135.96,39.27942633661206,25,25
1230,127.67857142857143,29.424169419573182,28,28
1239,129.17241379310346,42.26115150002866,29,29
1243,161.54166666666666,83.9860128969035,24,24
1247,163.86206896551724,53.72464460956113,29,29
1248,178.23809523809524,35.27450178514893,21,21
1249,209.06896551724137,92.3293526437065,29,29
1250,158.76923076923077,33.98388758492199,26,26
1253,107.34482758620689,36.59359415259624,29,29
1255,188.77777777777777,64.67036732736571,27,27
1257,117.86206896551724,41.0754742064019,29,29
1261,196.67857142857142,77.50797023361822,28,28
1265,162.21428571428572,51.94966020839016,28,28
1266,179.07142857142858,73.09604466749036,28,28
127,156.85714285714286,56.91951060779324,28,28
1271,151.48275862068965,69.12908251424346,29,29
1273,135.41379310344828,31.619972487314442,29,29
1281,138.46428571428572,32.07454528167867,28,28
1283,152.86206896551724,50.507230131600984,29,29
1286,141.74074074074073,29.372400169851492,27,27
1287,91.71428571428571,28.3639610371028,21,21
1291,154.77777777777777,60.93965068525603,27,27
1292,180.32142857142858,58.10976431714991,28,28
1297,133.80769230769232,28.439436324609858,26,26
1302,150.9655172413793,70.7412199290084,29,29
1303,193.57142857142858,50.28911123687423,28,28
1304,155.21428571428572,43.21295856985249,28,28
1305,173.74074074074073,49.14389592942859,27,27
1307,182.25,68.57524928729617,28,28
1311,150.42857142857142,52.80181574559482,28,28
1312,149.78571428571428,44.01376648517644,28,28
1322,133.5,40.729914386430096,28,28
1323,159.68965517241378,56.91227801768755,29,29
1325,113.10344827586206,35.074761813249104,29,29
1327,180.92307692307693,66.52513694953093,26,26
1328,178.68965517241378,58.813326628941496,29,29
1329,141.86206896551724,72.44935380660806,29,29
1330,170.27586206896552,56.878251273929784,29,29
1335,128.20689655172413,43.51385601190304,29,29
1336,155.03571428571428,38.78285430908598,28,28
1338,141.96428571428572,43.71497085951993,28,28
1339,167.55172413793105,49.79786728572718,29,29
1343,111.85714285714286,17.44136056049121,28,28
1344,183.0,54.20639568661002,7,7
1345,136.25,56.93441646120366,28,28
1348,200.32142857142858,86.10590102005895,28,28
1351,133.48275862068965,48.640533280716724,29,29
1354,186.85185185185185,56.5111995051925,27,27
1357,158.92592592592592,58.34969245580141,27,27
1359,158.48275862068965,56.4564438240763,29,29
1361,125.23076923076923,43.25580441264057,26,26
1362,116.32,36.24306830278033,25,25
1363,162.17241379310346,57.94398093079534,29,29
1365,147.10344827586206,38.71908428262127,29,29
1369,163.39285714285714,49.5209191006329,28,28
137,118.45833333333333,41.43720148208209,24,24
1377,161.7037037037037,61.53786502559893,27,27
1378,118.96428571428571,29.433518487975757,28,28
1381,166.06896551724137,47.662452303736025,29,29
1385,283.44827586206895,91.941591011008,29,29
1386,121.66666666666667,27.114357927067005,24,24
1387,166.86206896551724,57.23118788733179,29,29
1396,171.36,58.76781999246413,25,25
14,146.06896551724137,44.80986102768226,29,29
1400,141.27586206896552,34.825992501213534,29,29
1406,123.86206896551724,39.96670412260242,29,29
1408,193.6153846153846,51.03259893289928,26,26
1410,156.89655172413794,43.365016205945,29,29
1412,117.89285714285714,41.092794074724644,28,28
1416,109.34482758620689,20.896472467293485,29,29
1418,174.89655172413794,64.53478841877579,29,29
1422,205.88888888888889,91.84030175059873,27,27
1425,138.91666666666666,36.46429661375949,24,24
1426,116.75862068965517,32.16992292323218,29,29
1427,123.89655172413794,45.64172967455034,29,29
143,137.72413793103448,49.68680232338516,29,29
1433,129.92592592592592,31.169420327185485,27,27
1434,178.35714285714286,64.67022572434779,28,28
1435,165.85185185185185,45.302151166196296,27,27
1438,187.31034482758622,86.78137697203566,29,29
1439,163.44444444444446,61.93627825517581,27,27
144,167.5185185185185,32.951444896965,27,27
1441,132.44444444444446,48.412755259279265,27,27
1444,130.10714285714286,54.24453499403952,28,28
145,224.51724137931035,48.52143906832404,29,29
1451,208.0,105.13467553571466,21,21
1453,161.1153846153846,60.68629296510172,26,26
1456,148.14285714285714,25.010685547069507,28,28
1457,133.68965517241378,45.336916090434876,29,29
1459,213.1851851851852,84.61725457659196,27,27
1462,149.55172413793105,68.64483447785864,29,29
1464,160.92857142857142,46.435880580548975,28,28
1476,152.46428571428572,41.30687517239638,28,28
1484,181.74074074074073,58.142790142751544,27,27
1490,229.19230769230768,80.28749303883848,26,26
1493,185.79310344827587,60.29000113164041,29,29
1494,102.07692307692308,25.32022602888541,26,26
1495,181.44444444444446,54.435800813953406,27,27
1497,133.35714285714286,31.311120123468015,28,28
1500,100.20689655172414,24.385855546585116,29,29
1501,159.5185185185185,51.681249665150006,27,27
1503,167.51724137931035,62.865855307526026,29,29
1507,172.17241379310346,52.775176094662726,29,29
1509,130.93103448275863,41.732935806560306,29,29
1517,136.62962962962962,31.337061062125727,27,27
152,140.44827586206895,42.18546314185268,29,29
1520,115.58620689655173,43.29839756304029,29,29
1528,155.32142857142858,47.08231843266332,28,28
1535,163.35714285714286,58.61880262478945,28,28
1536,148.0,85.41707629670383,27,27
1540,151.06896551724137,47.479266929654045,29,29
1542,113.96296296296296,21.059405867653897,27,27
1543,172.7037037037037,62.19560633431792,27,27
1550,161.67857142857142,61.35570459845185,28,28
1552,135.3448275862069,38.288636753395885,29,29
1554,165.24137931034483,45.276653691037374,29,29
1558,154.27586206896552,40.83844175679519,29,29
1559,146.6153846153846,50.450829069958345,26,26
1563,203.17857142857142,74.49735445038179,28,28
1566,130.96296296296296,39.46905455931606,27,27
1567,116.39285714285714,40.49905283365625,28,28
1568,198.44827586206895,49.47624697547628,29,29
1580,133.93103448275863,27.942454941850404,29,29
1586,106.62068965517241,35.57829775208421,29,29
159,206.64285714285714,90.31025301117143,28,28
1596,252.52,84.81161477061971,25,25
1602,136.82142857142858,66.5549361340654,28,28
1603,199.64285714285714,72.02839681049376,28,28
1604,172.31034482758622,63.874376400800436,29,29
1611,124.57142857142857,23.15074821376499,21,21
1615,186.57142857142858,50.104067523680975,14,14
1616,185.60714285714286,65.7240805329733,28,28
1617,191.6206896551724,59.85960586065618,29,29
1621,176.41379310344828,49.736819676443865,29,29
1622,172.44444444444446,52.502991367769724,27,27
1625,161.03703703703704,38.99258458247738,27,27
163,113.24137931034483,31.769993898571506,29,29
1632,176.3793103448276,47.170218959108574,29,29
1634,152.89655172413794,47.96006138116098,29,29
1635,143.1851851851852,46.88122228407663,27,27
1636,162.03703703703704,48.497804455841475,27,27
1638,145.3793103448276,59.28226294185631,29,29
1644,234.4814814814815,107.2528896402439,27,27
1647,144.03703703703704,54.83856130742132,27,27
1649,153.5,46.967435527182026,26,26
1650,178.03703703703704,37.22538575662239,27,27
1656,141.86206896551724,39.326221839097784,29,29
1658,124.55172413793103,48.9318667762318,29,29
166,197.96428571428572,36.95791614982595,28,28
1660,97.62068965517241,21.07539830686726,29,29
1666,181.82758620689654,45.43446533628506,29,29
1668,148.86206896551724,63.983102757084595,29,29
1669,187.31034482758622,44.07226488416161,29,29
167,139.9655172413793,30.977506538294023,29,29
1673,203.93103448275863,49.41004165904708,29,29
1683,156.27586206896552,63.67209332180226,29,29
1689,166.27586206896552,58.7615621156042,29,29
1695,117.57142857142857,32.65014159282843,28,28
1696,177.0344827586207,39.08642690849224,29,29
1698,133.17857142857142,44.336301965293316,28,28
1704,187.03846153846155,56.52644037561945,26,26
1711,187.6206896551724,64.86932677814875,29,29
1712,178.82758620689654,85.7280038283529,29,29
1713,206.96428571428572,60.495167938566325,28,28
1714,151.89655172413794,45.48260643020284,29,29
1717,112.34482758620689,25.367690167484653,29,29
1718,176.78947368421052,73.41403055983874,19,19
1719,142.6551724137931,36.264185265974554,29,29
1722,178.6206896551724,63.759264757088694,29,29
1726,173.85714285714286,53.9476524637468,28,28
173,128.07142857142858,50.827178914455956,28,28
174,168.4,43.37818191979312,25,25
18,147.68965517241378,58.7847790359496,29,29
183,172.14285714285714,77.40787321699798,28,28
187,172.25,64.10502089309155,28,28
191,162.7037037037037,43.83256149591816,27,27
194,136.17241379310346,36.72199512701311,29,29
202,137.93103448275863,43.71084454725718,29,29
214,124.86206896551724,30.5470645514321,29,29
217,140.27586206896552,48.289230203996645,29,29
219,135.25,69.79114806210089,24,24
221,177.55,40.02298681613118,20,20
223,245.75862068965517,65.51644023362915,29,29
226,156.31034482758622,53.623091673188085,29,29
227,163.28571428571428,44.68478665866224,28,28
235,175.92857142857142,43.11133611461493,28,28
24,152.76,59.053139910874634,25,25
248,133.60714285714286,36.819217290767625,28,28
25,220.22222222222223,57.90133074950957,27,27
252,116.70370370370371,34.471632501137044,27,27
253,128.44444444444446,32.2899523945302,27,27
254,96.84615384615384,24.388017234194844,26,26
255,110.14285714285714,23.667002009696624,28,28
256,125.64285714285714,37.8380704677125,28,28
261,124.67857142857143,25.160306144620048,28,28
263,235.5,83.13108791407568,28,28
267,122.10344827586206,42.08014871951093,29,29
270,146.7037037037037,51.14971600403513,27,27
284,218.5,59.252441737466405,28,28
288,181.0,56.52228968087927,27,27
29,142.71428571428572,73.38728174345417,28,28
290,190.71428571428572,87.93467994203388,28,28
295,156.46428571428572,56.91870885736444,28,28
301,132.75862068965517,42.05069659047091,29,29
304,272.12,78.82698353567343,25,25
306,110.75862068965517,28.673849674789288,29,29
308,122.37931034482759,40.847638324023656,29,29
312,154.79310344827587,67.85140240173209,29,29
313,121.64285714285714,23.193572362656834,28,28
316,144.3448275862069,36.48412165593311,29,29
317,120.71428571428571,67.96668963154598,28,28
32,166.14285714285714,56.75268914216951,28,28
320,158.41379310344828,49.453814847346855,29,29
334,177.39285714285714,70.57559083113667,28,28
336,130.48275862068965,33.07958011658636,29,29
34,145.41379310344828,43.34291608076499,29,29
341,156.86206896551724,59.85143758741964,29,29
349,263.6296296296296,75.86128441395171,27,27
352,119.82758620689656,57.18020946691087,29,29
354,148.96428571428572,32.95730362808618,28,28
355,159.17857142857142,53.903242238380464,28,28
356,130.17241379310346,42.58023431922144,29,29
364,110.79310344827586,22.447365913469714,29,29
367,155.27586206896552,50.87091264853208,29,29
37,123.35714285714286,31.102237963677247,28,28
372,162.67857142857142,75.17192815851394,28,28
374,167.66666666666666,44.59648140656562,27,27
378,166.82758620689654,53.7228795137717,29,29
380,153.89655172413794,54.352910835172004,29,29
384,233.42307692307693,105.07413500074054,26,26
385,155.82758620689654,53.621070595640475,29,29
386,148.6551724137931,32.86799991966673,29,29
389,133.55172413793105,38.89783891067964,29,29
390,134.60714285714286,35.94372070614085,28,28
393,107.96551724137932,33.505311688298754,29,29
398,118.51724137931035,40.17783743171918,29,29
4,144.95652173913044,59.81370948116521,23,23
402,159.45833333333334,79.62028317428683,24,24
404,165.9655172413793,48.06579029875962,29,29
406,141.17241379310346,47.05776766419064,29,29
410,90.86206896551724,16.51779157223039,29,29
414,143.89655172413794,45.63859959945106,29,29
419,195.6206896551724,29.10499931664103,29,29
421,170.42857142857142,68.03181639738897,28,28
422,121.8,23.381616710569865,5,5
423,149.32142857142858,47.781178358125544,28,28
425,137.86206896551724,56.883793912257794,29,29
428,134.46428571428572,45.077285191231745,28,28
43,136.53571428571428,42.65579908719559,28,28
431,166.84615384615384,50.33542872187924,26,26
433,134.48275862068965,35.4205556640039,29,29
434,137.75862068965517,40.626922084124914,29,29
435,155.57142857142858,61.79322063464662,28,28
436,137.24137931034483,49.285360889716095,29,29
438,150.79310344827587,37.587402249713584,29,29
446,177.14285714285714,65.94201396946568,28,28
453,158.8846153846154,55.26107268092209,26,26
455,129.51724137931035,38.49732893299702,29,29
463,188.21428571428572,47.30308669190638,28,28
467,200.86206896551724,68.55171360676292,29,29
468,102.76190476190476,40.58189838081106,21,21
469,165.21428571428572,55.96848130395267,28,28
471,184.8846153846154,67.85297453941244,26,26
475,136.3793103448276,42.32308876209925,29,29
477,129.06896551724137,34.70583630877702,29,29
479,127.79310344827586,25.063318829295454,29,29
48,176.46428571428572,46.063146788549865,28,28
482,177.28571428571428,56.14324084040297,28,28
483,125.58333333333333,31.866455944970625,24,24
484,117.6896551724138,41.404022793060534,29,29
486,126.0,24.27771421298569,28,28
491,181.96,81.85326301783374,25,25
498,125.55172413793103,32.786741883721135,29,29
499,226.0,75.3878858526576,28,28
50,108.46428571428571,16.464287148940013,28,28
504,201.27586206896552,48.90215928019958,29,29
506,149.48275862068965,53.00513498686112,29,29
507,185.10344827586206,62.222724849404734,29,29
509,256.5,204.35385976291224,2,2
511,153.17241379310346,60.26611756292565,29,29
515,195.60714285714286,46.94467925178432,28,28
521,152.05,49.920436696807855,20,20
528,138.46153846153845,47.111977898815304,26,26
531,176.75,71.80974090531792,28,28
532,161.31034482758622,45.78529352803448,29,29
539,164.93103448275863,60.45478300496446,29,29
54,100.74074074074075,26.810722012187863,27,27
545,157.82758620689654,38.502383011145504,29,29
548,138.20689655172413,36.740770765638565,29,29
549,136.89655172413794,32.34561664671362,29,29
550,148.75862068965517,47.32385020293211,29,29
556,172.0,57.84338460755165,29,29
558,222.05263157894737,78.25916608310743,19,19
564,135.52,53.45100560326251,25,25
567,158.21428571428572,46.96672892988851,14,14
573,210.77777777777777,80.96168767877106,27,27
576,186.24137931034483,66.8584085813412,29,29
577,128.85185185185185,53.481631428789655,27,27
58,170.40740740740742,62.81306776047067,27,27
583,177.82758620689654,61.78942868757524,29,29
591,145.92857142857142,58.25609398829006,28,28
598,146.84615384615384,53.1899932751959,26,26
60,120.67857142857143,31.952573154863934,28,28
602,110.65517241379311,20.11622632544073,29,29
603,178.42857142857142,69.283330565006,28,28
606,161.58620689655172,67.66594271090639,29,29
608,134.23076923076923,38.51265526271352,26,26
610,96.03448275862068,24.94920949022618,29,29
612,148.6206896551724,62.59188319873857,29,29
614,139.79310344827587,44.70009532615661,29,29
616,150.0344827586207,50.65322071174652,29,29
620,163.0,36.3278720229287,29,29
629,134.27586206896552,35.49939290398815,29,29
63,169.48275862068965,50.06968051030424,29,29
646,130.0,51.946895961164024,26,26
648,138.21428571428572,47.53116493640399,28,28
652,154.31034482758622,47.78830060670548,29,29
653,132.47619047619048,43.346994183702115,21,21
654,156.68965517241378,39.94112045809777,29,29
655,147.32142857142858,75.02989703934992,28,28
66,149.03571428571428,54.67309050526434,28,28
662,176.14285714285714,51.45851567990312,28,28
666,126.58333333333333,41.818361545125605,24,24
667,148.07407407407408,66.5281466899109,27,27
67,120.67857142857143,43.128622077780804,28,28
670,102.79310344827586,23.180008798138395,29,29
671,152.6206896551724,43.42597461123884,29,29
674,111.78571428571429,25.408305936878413,28,28
676,151.13793103448276,47.22569226440431,29,29
677,156.07407407407408,70.35236911757727,27,27
678,136.92857142857142,44.347055997680116,28,28
683,190.19230769230768,73.68800131949257,26,26
69,160.0344827586207,41.461240728644626,29,29
692,162.57142857142858,55.44929520403608,28,28
695,149.41379310344828,49.3504358363873,29,29
702,142.16666666666666,68.19324629741358,24,24
704,188.0,72.42533100668975,29,29
707,210.86206896551724,81.08140712444985,29,29
71,159.54545454545453,109.3520586329893,11,11
715,122.34482758620689,46.82892563215677,29,29
716,219.07142857142858,67.06653886194393,28,28
723,126.92857142857143,24.019943213040115,28,28
729,143.58620689655172,32.306033537957966,29,29
733,137.03846153846155,49.88425063623249,26,26
734,172.21428571428572,41.534775383256445,28,28
735,118.15384615384616,30.1883319283359,26,26
740,203.37037037037038,67.25276554116174,27,27
741,161.33333333333334,52.667510541762525,6,6
742,150.6153846153846,65.2987454232174,26,26
748,127.11111111111111,50.85676215028103,27,27
749,154.13793103448276,49.9433422832678,29,29
756,146.57142857142858,53.93990385153858,28,28
760,121.37931034482759,37.75429378901676,29,29
761,169.79310344827587,43.317251026042754,29,29
762,157.03571428571428,52.63464718848303,28,28
766,173.6551724137931,47.603478160791205,29,29
767,171.25,40.60343444696383,28,28
769,135.58620689655172,41.632333966847135,29,29
77,163.11111111111111,53.81973710976394,27,27
771,161.58620689655172,30.722859383038397,29,29
773,133.65384615384616,51.58987676487883,26,26
775,194.2,111.52259362518828,10,10
78,187.44827586206895,73.10051114092187,29,29
781,153.33333333333334,49.49592057782291,27,27
791,228.7,73.37127806195312,10,10
796,139.3793103448276,40.92450697242375,29,29
80,191.96,35.90784501099075,25,25
811,122.89655172413794,23.212288659836762,29,29
812,166.64285714285714,57.81849908099341,28,28
816,124.51851851851852,25.129465344293116,27,27
824,149.77777777777777,42.27686522595227,27,27
829,154.41379310344828,59.42733692825413,29,29
830,132.10344827586206,37.92882886556479,29,29
831,192.03571428571428,49.10946362962457,28,28
834,171.44827586206895,41.00834950426607,29,29
838,169.31034482758622,52.26109140533564,29,29
839,157.0344827586207,59.30760175235349,29,29
84,163.89655172413794,42.70107461644279,29,29
843,140.72413793103448,35.654990185430606,29,29
85,214.0,71.01137503678818,27,27
852,210.0344827586207,74.95307234655023,29,29
854,148.20689655172413,44.801450319592504,29,29
856,137.93103448275863,53.152026593860775,29,29
862,178.89655172413794,52.86799249585587,29,29
865,183.2608695652174,72.31573284833186,23,23
870,154.6551724137931,32.36430558288048,29,29
873,297.0689655172414,74.7872845544915,29,29
886,176.82758620689654,41.35220581913829,29,29
888,189.82142857142858,58.4921986386843,28,28
889,220.375,63.37628556036218,8,8
890,197.03571428571428,50.01220750447733,28,28
893,184.1851851851852,50.21495106580619,27,27
894,129.68965517241378,37.87017621170278,29,29
896,138.53571428571428,42.18169002713113,28,28
897,92.03448275862068,14.86002008896135,29,29
900,112.58620689655173,27.08652437939695,29,29
905,162.9655172413793,48.90696909046566,29,29
907,174.84615384615384,58.226930063462774,26,26
911,141.76190476190476,48.234743455215735,21,21
920,161.55172413793105,45.29789194629619,29,29
930,157.57142857142858,57.54703620223527,28,28
932,167.07142857142858,52.228081400454364,28,28
933,131.17241379310346,49.96932556616055,29,29
943,158.79310344827587,60.87480085643274,29,29
945,162.4090909090909,64.33147721791379,22,22
946,135.10344827586206,36.568277458148856,29,29
948,135.4814814814815,43.81022919748517,27,27
95,245.44827586206895,70.50257655215596,29,29
953,136.28571428571428,42.169725091417355,28,28
956,115.16666666666667,38.154510436731684,6,6
958,142.17857142857142,34.23237970264147,28,28
963,257.5,100.48677819789324,28,28
965,169.48275862068965,42.3080714096488,29,29
966,131.0,39.770638713801205,28,28
97,189.68965517241378,36.98754949620196,29,29
970,196.31034482758622,41.47555514850703,29,29
971,153.55172413793105,38.63527829670751,29,29
974,128.86206896551724,39.28260623621299,29,29
976,130.27586206896552,25.357298965730532,29,29
979,109.28571428571429,26.04818489852866,28,28
981,146.8181818181818,68.416106556597,11,11
985,135.85185185185185,40.32245385514484,27,27
987,148.37037037037038,53.778139788284975,27,27
988,134.89655172413794,37.37201476619543,29,29
